<?xml version="1.0" encoding="UTF-8"?>
<rss version="2.0" xmlns:atom="http://www.w3.org/2005/Atom">
<channel>
<title>CHOI SO EUN GIT BLOG</title>
<description>Github pages 블로그
</description>
<link>http://localhost:4000/</link>
<atom:link href="http://localhost:4000/feed.xml" rel="self" type="application/rss+xml"/>
<pubDate>Tue, 28 Dec 2021 20:26:46 +0900</pubDate>
<lastBuildDate>Tue, 28 Dec 2021 20:26:46 +0900</lastBuildDate>
<generator>Jekyll v4.2.1</generator>

<item>
<title>part1.마크다운 기초 설명</title>
<description>&lt;ul class=&quot;large-only&quot; id=&quot;markdown-toc&quot;&gt;
  &lt;li&gt;&lt;a href=&quot;#마크다운이란&quot; id=&quot;markdown-toc-마크다운이란&quot;&gt;마크다운이란?&lt;/a&gt;&lt;/li&gt;
  &lt;li&gt;&lt;a href=&quot;#마크다운의-장단점&quot; id=&quot;markdown-toc-마크다운의-장단점&quot;&gt;✔마크다운의 장단점&lt;/a&gt;    &lt;ul&gt;
      &lt;li&gt;&lt;a href=&quot;#장점&quot; id=&quot;markdown-toc-장점&quot;&gt;장점&lt;/a&gt;&lt;/li&gt;
      &lt;li&gt;&lt;a href=&quot;#단점&quot; id=&quot;markdown-toc-단점&quot;&gt;단점&lt;/a&gt;&lt;/li&gt;
    &lt;/ul&gt;
  &lt;/li&gt;
  &lt;li&gt;&lt;a href=&quot;#마크다운-문법&quot; id=&quot;markdown-toc-마크다운-문법&quot;&gt;마크다운 문법&lt;/a&gt;    &lt;ul&gt;
      &lt;li&gt;&lt;a href=&quot;#1-헤더&quot; id=&quot;markdown-toc-1-헤더&quot;&gt;1. 헤더&lt;/a&gt;&lt;/li&gt;
      &lt;li&gt;&lt;a href=&quot;#2-코드블럭&quot; id=&quot;markdown-toc-2-코드블럭&quot;&gt;2. 코드블럭&lt;/a&gt;&lt;/li&gt;
      &lt;li&gt;&lt;a href=&quot;#3-blockquote-인용문&quot; id=&quot;markdown-toc-3-blockquote-인용문&quot;&gt;3. BlockQuote (인용문)&lt;/a&gt;&lt;/li&gt;
    &lt;/ul&gt;
  &lt;/li&gt;
  &lt;li&gt;&lt;a href=&quot;#this-is-a-h3&quot; id=&quot;markdown-toc-this-is-a-h3&quot;&gt;This is a h3&lt;/a&gt;    &lt;ul&gt;
      &lt;li&gt;&lt;a href=&quot;#4-글머리-기호&quot; id=&quot;markdown-toc-4-글머리-기호&quot;&gt;4. 글머리 기호&lt;/a&gt;&lt;/li&gt;
      &lt;li&gt;&lt;a href=&quot;#5-강조&quot; id=&quot;markdown-toc-5-강조&quot;&gt;5. 강조&lt;/a&gt;&lt;/li&gt;
      &lt;li&gt;&lt;a href=&quot;#6-기호표시&quot; id=&quot;markdown-toc-6-기호표시&quot;&gt;6. 기호표시&lt;/a&gt;&lt;/li&gt;
    &lt;/ul&gt;
  &lt;/li&gt;
  &lt;li&gt;&lt;a href=&quot;#hash-mark&quot; id=&quot;markdown-toc-hash-mark&quot;&gt;hash mark&lt;/a&gt;    &lt;ul&gt;
      &lt;li&gt;&lt;a href=&quot;#7-수평&quot; id=&quot;markdown-toc-7-수평&quot;&gt;7. 수평&lt;/a&gt;&lt;/li&gt;
      &lt;li&gt;&lt;a href=&quot;#8-링크&quot; id=&quot;markdown-toc-8-링크&quot;&gt;8. 링크&lt;/a&gt;&lt;/li&gt;
      &lt;li&gt;&lt;a href=&quot;#9-이미지&quot; id=&quot;markdown-toc-9-이미지&quot;&gt;9. 이미지&lt;/a&gt;&lt;/li&gt;
      &lt;li&gt;&lt;a href=&quot;#10-줄바꿈&quot; id=&quot;markdown-toc-10-줄바꿈&quot;&gt;10. 줄바꿈&lt;/a&gt;&lt;/li&gt;
      &lt;li&gt;&lt;a href=&quot;#11-표&quot; id=&quot;markdown-toc-11-표&quot;&gt;11. 표&lt;/a&gt;&lt;/li&gt;
      &lt;li&gt;&lt;a href=&quot;#12-expander-control&quot; id=&quot;markdown-toc-12-expander-control&quot;&gt;12. Expander control&lt;/a&gt;&lt;/li&gt;
      &lt;li&gt;&lt;a href=&quot;#13-이모지&quot; id=&quot;markdown-toc-13-이모지&quot;&gt;13. 이모지&lt;/a&gt;&lt;/li&gt;
      &lt;li&gt;&lt;a href=&quot;#14-수학수식&quot; id=&quot;markdown-toc-14-수학수식&quot;&gt;14. 수학수식&lt;/a&gt;&lt;/li&gt;
      &lt;li&gt;&lt;a href=&quot;#14highlight&quot; id=&quot;markdown-toc-14highlight&quot;&gt;14.highlight&lt;/a&gt;&lt;/li&gt;
      &lt;li&gt;&lt;a href=&quot;#16-youtube&quot; id=&quot;markdown-toc-16-youtube&quot;&gt;16. youtube&lt;/a&gt;&lt;/li&gt;
      &lt;li&gt;&lt;a href=&quot;#17slick&quot; id=&quot;markdown-toc-17slick&quot;&gt;17.slick&lt;/a&gt;&lt;/li&gt;
    &lt;/ul&gt;
  &lt;/li&gt;
&lt;/ul&gt;

&lt;h2 id=&quot;마크다운이란&quot;&gt;마크다운이란?&lt;/h2&gt;

&lt;p&gt;Markdown은 텍스트 기반의 마크업언어로 2004년 존그루버에 의해 만들어졌으며 쉽게 쓰고 읽을 수 있으며 HTML로 변환이 가능하다. 특수기호와 문자를 이용한 매우 간단한 구조의 문법을 사용하여 웹에서도 보다 빠르게 컨텐츠를 작성하고 보다 직관적으로 인식할 수 있다. 마크다운이 최근 각광받기 시작한 이유는 깃헙(https://github.com) 덕분이다. 깃헙의 저장소Repository에 관한 정보를 기록하는 README.md는 깃헙을 사용하는 사람이라면 누구나 가장 먼저 접하게 되는 마크다운 문서였다. 마크다운을 통해서 설치방법, 소스코드 설명, 이슈 등을 간단하게 기록하고 가독성을 높일 수 있다는 강점이 부각되면서 점점 여러 곳으로 퍼져가게 된다.👍&lt;/p&gt;

&lt;h2 id=&quot;마크다운의-장단점&quot;&gt;✔마크다운의 장단점&lt;/h2&gt;

&lt;h3 id=&quot;장점&quot;&gt;장점&lt;/h3&gt;

&lt;div class=&quot;language-plaintext highlighter-rouge&quot;&gt;&lt;div class=&quot;highlight&quot;&gt;&lt;pre class=&quot;highlight&quot;&gt;&lt;code&gt;1. 간결하다.
2. 별도의 도구없이 작성이 가능하다.
3. 다양한 형태로 변환이 가능하다.
4. 텍스트로 저장되기 때문에 용량이 적어 보관이 용이하다.
5. 텍스트파일이기 때문에 버전관리시스템을 이용하여 변경이력을 관리할 수 있다.
6. 지원하는 프로그램과 플랫폼이 다양하다.
&lt;/code&gt;&lt;/pre&gt;&lt;/div&gt;&lt;/div&gt;

&lt;h3 id=&quot;단점&quot;&gt;단점&lt;/h3&gt;

&lt;div class=&quot;language-plaintext highlighter-rouge&quot;&gt;&lt;div class=&quot;highlight&quot;&gt;&lt;pre class=&quot;highlight&quot;&gt;&lt;code&gt;1. 표준이 없다.
2. 표준이 없기 때문에 도구에 따라 변환방식이나 생성물이 다르다.
3. 모든 HTML 마크업을 대신하지 못한다.
&lt;/code&gt;&lt;/pre&gt;&lt;/div&gt;&lt;/div&gt;

&lt;h2 id=&quot;마크다운-문법&quot;&gt;마크다운 문법&lt;/h2&gt;

&lt;p&gt;지금 위에서 설명한것만으로 벌써 마크다운의 문법을 사용하였다.&lt;br /&gt;
사용한것부터 시작하여 마크다운 문법을 봐보자.&lt;/p&gt;

&lt;h3 id=&quot;1-헤더&quot;&gt;1. 헤더&lt;/h3&gt;

&lt;p&gt;위에서 장단점을 설명할때 이미 다양한 헤더를 사용하였다.&lt;/p&gt;

&lt;div class=&quot;language-plaintext highlighter-rouge&quot;&gt;&lt;div class=&quot;highlight&quot;&gt;&lt;pre class=&quot;highlight&quot;&gt;&lt;code&gt;# this is a h1
## this is a h2
### this is a h3
#### this is a h4
##### this is a h5
###### this is a h6
&lt;/code&gt;&lt;/pre&gt;&lt;/div&gt;&lt;/div&gt;

&lt;p&gt;🔍 &lt;strong&gt;결과&lt;/strong&gt;&lt;/p&gt;

&lt;h3 id=&quot;2-코드블럭&quot;&gt;2. 코드블럭&lt;/h3&gt;

&lt;p&gt;위에서 장단점을 설명할때 사용한 박스를 4가지 방식을 사용하여 나타내본다.&lt;/p&gt;

&lt;ol&gt;
  &lt;li&gt;&lt;code class=&quot;language-plaintext highlighter-rouge&quot;&gt;&amp;lt;pre&amp;gt;&amp;lt;code&amp;gt;&lt;/code&gt;&lt;/li&gt;
  &lt;li&gt;&lt;code&gt;```&lt;/code&gt; 또는 &lt;code&gt;~~~&lt;/code&gt;&lt;/li&gt;
  &lt;li&gt;들여쓰기&lt;/li&gt;
  &lt;li&gt;언어별 코드블럭&lt;/li&gt;
&lt;/ol&gt;

&lt;p&gt;&lt;strong&gt;2.1 &lt;code class=&quot;language-plaintext highlighter-rouge&quot;&gt;&amp;lt;pre&amp;gt;&amp;lt;code&amp;gt;&lt;/code&gt; 사용&lt;/strong&gt;&lt;/p&gt;

&lt;div class=&quot;language-plaintext highlighter-rouge&quot;&gt;&lt;div class=&quot;highlight&quot;&gt;&lt;pre class=&quot;highlight&quot;&gt;&lt;code&gt;&amp;lt;pre&amp;gt;
&amp;lt;code&amp;gt;
def func(a,b):
    return a+b

print(func(2,3))
&amp;lt;/code&amp;gt;
&amp;lt;/pre&amp;gt;
&lt;/code&gt;&lt;/pre&gt;&lt;/div&gt;&lt;/div&gt;

&lt;blockquote&gt;
  &lt;p&gt;🔍 &lt;strong&gt;결과&lt;/strong&gt;&lt;/p&gt;
&lt;/blockquote&gt;

&lt;pre&gt;
&lt;code&gt;
def func(a,b):
    return a+b

print(func(2,3))
&lt;/code&gt;
&lt;/pre&gt;

&lt;p&gt;&lt;strong&gt;2.3 들여쓰기 사용&lt;/strong&gt;👀&lt;/p&gt;

&lt;p&gt;탭이나 스페이스 4번을 통해 코드블럭을 만들수 있다.&lt;/p&gt;

&lt;div class=&quot;language-plaintext highlighter-rouge&quot;&gt;&lt;div class=&quot;highlight&quot;&gt;&lt;pre class=&quot;highlight&quot;&gt;&lt;code&gt;    def func(a,b):
        return a+b

    print(func(2,3))
&lt;/code&gt;&lt;/pre&gt;&lt;/div&gt;&lt;/div&gt;

&lt;blockquote&gt;
  &lt;p&gt;🔍 &lt;strong&gt;결과&lt;/strong&gt;&lt;/p&gt;
&lt;/blockquote&gt;

&lt;div class=&quot;language-plaintext highlighter-rouge&quot;&gt;&lt;div class=&quot;highlight&quot;&gt;&lt;pre class=&quot;highlight&quot;&gt;&lt;code&gt;def func(a,b):
    return a+b

print(func(2,3))
&lt;/code&gt;&lt;/pre&gt;&lt;/div&gt;&lt;/div&gt;

&lt;p&gt;&lt;strong&gt;2.4 언어별 코드블럭 사용&lt;/strong&gt;&lt;/p&gt;

&lt;p&gt;python&lt;/p&gt;

&lt;pre&gt;
&lt;code&gt;
~~~python
def func(a,b):
    return a+b

print(func(a,b))
~~~
&lt;/code&gt;
&lt;/pre&gt;

&lt;blockquote&gt;
  &lt;p&gt;🔍 &lt;strong&gt;결과&lt;/strong&gt;&lt;/p&gt;
&lt;/blockquote&gt;

&lt;p&gt;python&lt;/p&gt;

&lt;pre&gt;
&lt;code&gt;
~~~python
def func(a,b):
    return a+b

print(func(a,b))
~~~
&lt;/code&gt;
&lt;/pre&gt;

&lt;ul&gt;
  &lt;li&gt;그밖에 언어들
    &lt;ul&gt;
      &lt;li&gt;Bash (bash)&lt;/li&gt;
      &lt;li&gt;C# (cs)&lt;/li&gt;
      &lt;li&gt;CSS (css)&lt;/li&gt;
      &lt;li&gt;Diff (diff)&lt;/li&gt;
      &lt;li&gt;HTML, XML (html)&lt;/li&gt;
      &lt;li&gt;Ini (ini)&lt;/li&gt;
      &lt;li&gt;JSON (json)&lt;/li&gt;
      &lt;li&gt;Java (java)&lt;/li&gt;
      &lt;li&gt;JavaScript (javascript)&lt;/li&gt;
      &lt;li&gt;PHP (php)&lt;/li&gt;
      &lt;li&gt;Perl (perl)&lt;/li&gt;
      &lt;li&gt;Python (python)&lt;/li&gt;
      &lt;li&gt;Ruby (ruby)&lt;/li&gt;
      &lt;li&gt;SQL (sql)&lt;/li&gt;
    &lt;/ul&gt;
  &lt;/li&gt;
&lt;/ul&gt;

&lt;h3 id=&quot;3-blockquote-인용문&quot;&gt;3. BlockQuote (인용문)&lt;/h3&gt;

&lt;div class=&quot;language-plaintext highlighter-rouge&quot;&gt;&lt;div class=&quot;highlight&quot;&gt;&lt;pre class=&quot;highlight&quot;&gt;&lt;code&gt;&amp;gt; This is a first blockquote
&lt;/code&gt;&lt;/pre&gt;&lt;/div&gt;&lt;/div&gt;

&lt;blockquote&gt;
  &lt;p&gt;This is a first blockquote&lt;/p&gt;
&lt;/blockquote&gt;

&lt;div class=&quot;language-plaintext highlighter-rouge&quot;&gt;&lt;div class=&quot;highlight&quot;&gt;&lt;pre class=&quot;highlight&quot;&gt;&lt;code&gt;&amp;gt;&amp;gt; This is a second blockquote
&lt;/code&gt;&lt;/pre&gt;&lt;/div&gt;&lt;/div&gt;

&lt;blockquote&gt;
  &lt;blockquote&gt;
    &lt;p&gt;This is a second blockquote&lt;/p&gt;
  &lt;/blockquote&gt;
&lt;/blockquote&gt;

&lt;div class=&quot;language-plaintext highlighter-rouge&quot;&gt;&lt;div class=&quot;highlight&quot;&gt;&lt;pre class=&quot;highlight&quot;&gt;&lt;code&gt;&amp;gt;&amp;gt;&amp;gt; This is a third blockquote
&lt;/code&gt;&lt;/pre&gt;&lt;/div&gt;&lt;/div&gt;

&lt;blockquote&gt;
  &lt;blockquote&gt;
    &lt;blockquote&gt;
      &lt;p&gt;This is a third blockquote&lt;/p&gt;
    &lt;/blockquote&gt;
  &lt;/blockquote&gt;
&lt;/blockquote&gt;

&lt;p&gt;&lt;strong&gt;blockquote 안에 다른 마크다운 요소를 포함할 수 있다.&lt;/strong&gt;&lt;/p&gt;

&lt;div class=&quot;language-plaintext highlighter-rouge&quot;&gt;&lt;div class=&quot;highlight&quot;&gt;&lt;pre class=&quot;highlight&quot;&gt;&lt;code&gt;&amp;gt; ## This is a h3
&amp;gt; * list1
&amp;gt; * list2
&amp;gt;   ~~~
&amp;gt;   code
&amp;gt;   ~~~
&lt;/code&gt;&lt;/pre&gt;&lt;/div&gt;&lt;/div&gt;

&lt;blockquote&gt;
  &lt;p&gt;🔍 &lt;strong&gt;결과&lt;/strong&gt;&lt;/p&gt;
&lt;/blockquote&gt;

&lt;blockquote&gt;
  &lt;h2 id=&quot;this-is-a-h3&quot;&gt;This is a h3&lt;/h2&gt;
  &lt;ul&gt;
    &lt;li&gt;list1&lt;/li&gt;
    &lt;li&gt;list2
      &lt;div class=&quot;language-plaintext highlighter-rouge&quot;&gt;&lt;div class=&quot;highlight&quot;&gt;&lt;pre class=&quot;highlight&quot;&gt;&lt;code&gt;code
&lt;/code&gt;&lt;/pre&gt;&lt;/div&gt;      &lt;/div&gt;
    &lt;/li&gt;
  &lt;/ul&gt;
&lt;/blockquote&gt;

&lt;h3 id=&quot;4-글머리-기호&quot;&gt;4. 글머리 기호&lt;/h3&gt;

&lt;div class=&quot;language-plaintext highlighter-rouge&quot;&gt;&lt;div class=&quot;highlight&quot;&gt;&lt;pre class=&quot;highlight&quot;&gt;&lt;code&gt;+ 글머리
  + 글머리2
    + 글머리3
      + 글머리 4
&lt;/code&gt;&lt;/pre&gt;&lt;/div&gt;&lt;/div&gt;

&lt;blockquote&gt;
  &lt;p&gt;🔍 &lt;strong&gt;결과&lt;/strong&gt;&lt;/p&gt;
&lt;/blockquote&gt;

&lt;ul&gt;
  &lt;li&gt;글머리
    &lt;ul&gt;
      &lt;li&gt;글머리2
        &lt;ul&gt;
          &lt;li&gt;글머리3
            &lt;ul&gt;
              &lt;li&gt;글머리 4&lt;/li&gt;
            &lt;/ul&gt;
          &lt;/li&gt;
        &lt;/ul&gt;
      &lt;/li&gt;
    &lt;/ul&gt;
  &lt;/li&gt;
&lt;/ul&gt;

&lt;h3 id=&quot;5-강조&quot;&gt;5. 강조&lt;/h3&gt;

&lt;div class=&quot;language-plaintext highlighter-rouge&quot;&gt;&lt;div class=&quot;highlight&quot;&gt;&lt;pre class=&quot;highlight&quot;&gt;&lt;code&gt;*single asterisks*  
_single underscores_  
**double asterisks**  
__double underscores__  
~~cancelline~~  
&lt;/code&gt;&lt;/pre&gt;&lt;/div&gt;&lt;/div&gt;

&lt;blockquote&gt;
  &lt;p&gt;🔍 &lt;strong&gt;결과&lt;/strong&gt;&lt;/p&gt;
&lt;/blockquote&gt;

&lt;p&gt;&lt;em&gt;single asterisks&lt;/em&gt;&lt;br /&gt;
&lt;em&gt;single underscores&lt;/em&gt;&lt;br /&gt;
&lt;strong&gt;double asterisks&lt;/strong&gt;&lt;br /&gt;
&lt;strong&gt;double underscores&lt;/strong&gt;&lt;br /&gt;
&lt;del&gt;cancelline&lt;/del&gt;&lt;/p&gt;

&lt;h3 id=&quot;6-기호표시&quot;&gt;6. 기호표시&lt;/h3&gt;

&lt;p&gt;Markdown에서 이미 사용되는 기호 표기하기&lt;/p&gt;

&lt;p&gt;Markdown 문법에 사용되는 기호를 있는 그대로 표시하고 싶을 경우가 있다.&lt;br /&gt;
예를 들어 #을 기호 그대로 사용하고 싶지만 그냥 쓰면 H1 헤더로 출력된다.&lt;br /&gt;
그런 기호들을 아래에 표기하였다.&lt;/p&gt;

&lt;div class=&quot;language-plaintext highlighter-rouge&quot;&gt;&lt;div class=&quot;highlight&quot;&gt;&lt;pre class=&quot;highlight&quot;&gt;&lt;code&gt;\   backslash
*   asterisk
_   underscore
{}  curly braces
[]  square brackets
()  parentheses
#   hash mark
+   plus sign
-   minus sign (hyphen)
.   dot
!   exclamation mark
&lt;/code&gt;&lt;/pre&gt;&lt;/div&gt;&lt;/div&gt;

&lt;p&gt;이런것들을 사용하고 싶다면 기호앞에 \(=back slash)를 붙혀주면 된다.&lt;/p&gt;

&lt;p&gt;예 :&lt;/p&gt;

&lt;p&gt;\   backslash&lt;/p&gt;
&lt;ul&gt;
  &lt;li&gt;asterisk
_   underscore
{}  curly braces
[]  square brackets
()  parentheses
    &lt;h1 id=&quot;hash-mark&quot;&gt;hash mark&lt;/h1&gt;
  &lt;/li&gt;
  &lt;li&gt;plus sign&lt;/li&gt;
  &lt;li&gt;minus sign (hyphen)
.   dot
!   exclamation mark
~~~&lt;/li&gt;
&lt;/ul&gt;

&lt;h3 id=&quot;7-수평&quot;&gt;7. 수평&lt;/h3&gt;

&lt;div class=&quot;language-plaintext highlighter-rouge&quot;&gt;&lt;div class=&quot;highlight&quot;&gt;&lt;pre class=&quot;highlight&quot;&gt;&lt;code&gt;* * *

***

*****

----

- - -
&lt;/code&gt;&lt;/pre&gt;&lt;/div&gt;&lt;/div&gt;

&lt;blockquote&gt;
  &lt;p&gt;🔍 &lt;strong&gt;결과&lt;/strong&gt;&lt;/p&gt;
&lt;/blockquote&gt;

&lt;hr /&gt;

&lt;hr /&gt;

&lt;hr /&gt;

&lt;hr /&gt;

&lt;hr /&gt;

&lt;h3 id=&quot;8-링크&quot;&gt;8. 링크&lt;/h3&gt;

&lt;ul&gt;
  &lt;li&gt;외부 링크 &lt;br /&gt;
&lt;a href=&quot;링크 주소&quot;&gt;링크 키워드&lt;/a&gt;
    &lt;div class=&quot;language-plaintext highlighter-rouge&quot;&gt;&lt;div class=&quot;highlight&quot;&gt;&lt;pre class=&quot;highlight&quot;&gt;&lt;code&gt;예 : [내 블로그](https://khw11044.github.io/about.html)
&lt;/code&gt;&lt;/pre&gt;&lt;/div&gt;    &lt;/div&gt;
  &lt;/li&gt;
&lt;/ul&gt;

&lt;blockquote&gt;
  &lt;p&gt;🔍 &lt;strong&gt;결과&lt;/strong&gt;&lt;/p&gt;
&lt;/blockquote&gt;

&lt;p&gt;예 : &lt;a href=&quot;https://khw11044.github.io/about.html&quot;&gt;내 블로그&lt;/a&gt;&lt;/p&gt;

&lt;ul&gt;
  &lt;li&gt;자동 링크&lt;/li&gt;
&lt;/ul&gt;

&lt;div class=&quot;language-plaintext highlighter-rouge&quot;&gt;&lt;div class=&quot;highlight&quot;&gt;&lt;pre class=&quot;highlight&quot;&gt;&lt;code&gt;예 : &amp;lt;https://khw11044.github.io/about.html&amp;gt;
&lt;/code&gt;&lt;/pre&gt;&lt;/div&gt;&lt;/div&gt;

&lt;blockquote&gt;
  &lt;p&gt;🔍 &lt;strong&gt;결과&lt;/strong&gt;&lt;/p&gt;
&lt;/blockquote&gt;

&lt;p&gt;예 : &lt;a href=&quot;https://khw11044.github.io/about.html&quot;&gt;https://khw11044.github.io/about.html&lt;/a&gt;&lt;/p&gt;

&lt;h3 id=&quot;9-이미지&quot;&gt;9. 이미지&lt;/h3&gt;

&lt;p&gt;이미지 크기 조절은 뒤에 {: width=’400’ height=’400’}&lt;/p&gt;

&lt;div class=&quot;language-plaintext highlighter-rouge&quot;&gt;&lt;div class=&quot;highlight&quot;&gt;&lt;pre class=&quot;highlight&quot;&gt;&lt;code&gt;![그림1](/assets/img/etc/markdownshow.jpg)
![그림2](/assets/img/etc/markdownshow.jpg){: width=&quot;400&quot; height=&quot;400&quot;}
&lt;/code&gt;&lt;/pre&gt;&lt;/div&gt;&lt;/div&gt;

&lt;blockquote&gt;
  &lt;p&gt;🔍 &lt;strong&gt;결과&lt;/strong&gt;&lt;/p&gt;
&lt;/blockquote&gt;

&lt;p&gt;&lt;img src=&quot;/assets/img/etc/markdownshow.jpg&quot; alt=&quot;그림1&quot; /&gt;
&lt;img src=&quot;/assets/img/etc/markdownshow.jpg&quot; alt=&quot;그림2&quot; width=&quot;400&quot; height=&quot;400&quot; /&gt;&lt;/p&gt;

&lt;h3 id=&quot;10-줄바꿈&quot;&gt;10. 줄바꿈&lt;/h3&gt;

&lt;p&gt;마크다운에서는 엔터를 한번친다고 줄바꿈이 일어나지 않는다.&lt;/p&gt;

&lt;p&gt;줄 바꿈시 사용
줄 바꿈시 사용&lt;/p&gt;

&lt;ol&gt;
  &lt;li&gt;&lt;code class=&quot;language-plaintext highlighter-rouge&quot;&gt;&amp;lt;br&amp;gt;&lt;/code&gt; 사용&lt;/li&gt;
&lt;/ol&gt;

&lt;div class=&quot;language-plaintext highlighter-rouge&quot;&gt;&lt;div class=&quot;highlight&quot;&gt;&lt;pre class=&quot;highlight&quot;&gt;&lt;code&gt;줄 바꿈시 사용 &amp;lt;br&amp;gt;
줄 바꿈시 사용
&lt;/code&gt;&lt;/pre&gt;&lt;/div&gt;&lt;/div&gt;

&lt;blockquote&gt;
  &lt;p&gt;🔍 &lt;strong&gt;결과&lt;/strong&gt;&lt;/p&gt;
&lt;/blockquote&gt;

&lt;ol&gt;
  &lt;li&gt;Enter 2번&lt;/li&gt;
&lt;/ol&gt;

&lt;div class=&quot;language-plaintext highlighter-rouge&quot;&gt;&lt;div class=&quot;highlight&quot;&gt;&lt;pre class=&quot;highlight&quot;&gt;&lt;code&gt;줄 바꿈시 사용  


줄 바꿈시 사용
&lt;/code&gt;&lt;/pre&gt;&lt;/div&gt;&lt;/div&gt;

&lt;blockquote&gt;
  &lt;p&gt;🔍 &lt;strong&gt;결과&lt;/strong&gt;&lt;/p&gt;
&lt;/blockquote&gt;

&lt;ol&gt;
  &lt;li&gt;스페이스바 2번&lt;/li&gt;
&lt;/ol&gt;

&lt;div class=&quot;language-plaintext highlighter-rouge&quot;&gt;&lt;div class=&quot;highlight&quot;&gt;&lt;pre class=&quot;highlight&quot;&gt;&lt;code&gt;줄 바꿈시 사용    
줄 바꿈시 사용
&lt;/code&gt;&lt;/pre&gt;&lt;/div&gt;&lt;/div&gt;

&lt;blockquote&gt;
  &lt;p&gt;🔍 &lt;strong&gt;결과&lt;/strong&gt;&lt;/p&gt;
&lt;/blockquote&gt;

&lt;p&gt;줄 바꿈시 사용  &lt;br /&gt;
줄 바꿈시 사용&lt;/p&gt;

&lt;h3 id=&quot;11-표&quot;&gt;11. 표&lt;/h3&gt;

&lt;div class=&quot;language-plaintext highlighter-rouge&quot;&gt;&lt;div class=&quot;highlight&quot;&gt;&lt;pre class=&quot;highlight&quot;&gt;&lt;code&gt;| ------ | NumPy | PyTorch |
| ------ | -------- | ---------- |
| 선언 | np.array() | torch.FloatTensor, &amp;lt;br/&amp;gt; torch.Tensor()|
| 차원 확인 | .ndim | .dim()|
| 크기 확인 | .shape | .size()|
&lt;/code&gt;&lt;/pre&gt;&lt;/div&gt;&lt;/div&gt;

&lt;blockquote&gt;
  &lt;p&gt;🔍 &lt;strong&gt;결과&lt;/strong&gt;&lt;/p&gt;
&lt;/blockquote&gt;

&lt;table&gt;
  &lt;thead&gt;
    &lt;tr&gt;
      &lt;th&gt;1&lt;/th&gt;
      &lt;th&gt;2&lt;/th&gt;
      &lt;th&gt;3&lt;/th&gt;
    &lt;/tr&gt;
  &lt;/thead&gt;
  &lt;tbody&gt;
    &lt;tr&gt;
      &lt;td&gt;a&lt;/td&gt;
      &lt;td&gt;b&lt;/td&gt;
      &lt;td&gt;c&lt;/td&gt;
    &lt;/tr&gt;
    &lt;tr&gt;
      &lt;td&gt;ㄱ&lt;/td&gt;
      &lt;td&gt;ㄴ&lt;/td&gt;
      &lt;td&gt;ㄷ&lt;/td&gt;
    &lt;/tr&gt;
  &lt;/tbody&gt;
&lt;/table&gt;

&lt;h3 id=&quot;12-expander-control&quot;&gt;12. Expander control&lt;/h3&gt;

&lt;p&gt;마크다운에서 접기/펼치기 가능한 컨트롤 문법&lt;br /&gt;
마크다운 자체에는 기능이 없고 html을 이용 –&amp;gt; html의 details 사용&lt;/p&gt;

&lt;div class=&quot;language-html highlighter-rouge&quot;&gt;&lt;div class=&quot;highlight&quot;&gt;&lt;pre class=&quot;highlight&quot;&gt;&lt;code&gt;&lt;span class=&quot;nt&quot;&gt;&amp;lt;details&amp;gt;&lt;/span&gt;
&lt;span class=&quot;nt&quot;&gt;&amp;lt;summary&amp;gt;&lt;/span&gt;접기/펼치기 버튼&lt;span class=&quot;nt&quot;&gt;&amp;lt;/summary&amp;gt;&lt;/span&gt;
&lt;span class=&quot;nt&quot;&gt;&amp;lt;div&lt;/span&gt; &lt;span class=&quot;na&quot;&gt;markdown=&lt;/span&gt;&lt;span class=&quot;s&quot;&gt;&quot;1&quot;&lt;/span&gt;&lt;span class=&quot;nt&quot;&gt;&amp;gt;&lt;/span&gt;

|제목|내용|
|--|--|
|1|1|
|2|10|

&lt;span class=&quot;nt&quot;&gt;&amp;lt;/div&amp;gt;&lt;/span&gt;
&lt;span class=&quot;nt&quot;&gt;&amp;lt;/details&amp;gt;&lt;/span&gt;
&lt;/code&gt;&lt;/pre&gt;&lt;/div&gt;&lt;/div&gt;

&lt;blockquote&gt;
  &lt;p&gt;🔍 &lt;strong&gt;결과&lt;/strong&gt;&lt;/p&gt;
&lt;/blockquote&gt;

&lt;details&gt;
&lt;summary&gt;접기/펼치기 버튼&lt;/summary&gt;
&lt;div&gt;

    &lt;table&gt;
      &lt;thead&gt;
        &lt;tr&gt;
          &lt;th&gt;제목&lt;/th&gt;
          &lt;th&gt;내용&lt;/th&gt;
        &lt;/tr&gt;
      &lt;/thead&gt;
      &lt;tbody&gt;
        &lt;tr&gt;
          &lt;td&gt;1&lt;/td&gt;
          &lt;td&gt;1&lt;/td&gt;
        &lt;/tr&gt;
        &lt;tr&gt;
          &lt;td&gt;2&lt;/td&gt;
          &lt;td&gt;10&lt;/td&gt;
        &lt;/tr&gt;
      &lt;/tbody&gt;
    &lt;/table&gt;

  &lt;/div&gt;
&lt;/details&gt;

&lt;div class=&quot;language-html highlighter-rouge&quot;&gt;&lt;div class=&quot;highlight&quot;&gt;&lt;pre class=&quot;highlight&quot;&gt;&lt;code&gt;&lt;span class=&quot;nt&quot;&gt;&amp;lt;details&amp;gt;&lt;/span&gt;
&lt;span class=&quot;nt&quot;&gt;&amp;lt;blockquote&amp;gt;&lt;/span&gt;
    숨김숨김
&lt;span class=&quot;nt&quot;&gt;&amp;lt;/blockquote&amp;gt;&lt;/span&gt;
&lt;span class=&quot;nt&quot;&gt;&amp;lt;/details&amp;gt;&lt;/span&gt;
&lt;/code&gt;&lt;/pre&gt;&lt;/div&gt;&lt;/div&gt;

&lt;blockquote&gt;
  &lt;p&gt;🔍 &lt;strong&gt;결과&lt;/strong&gt;&lt;/p&gt;
&lt;/blockquote&gt;

&lt;details&gt;
&lt;blockquote&gt;
    숨김숨김
&lt;/blockquote&gt;
&lt;/details&gt;

&lt;h3 id=&quot;13-이모지&quot;&gt;13. 이모지&lt;/h3&gt;

&lt;ol&gt;
  &lt;li&gt;
    &lt;p&gt;‘Window 키’ + ‘;’ 또는 ‘Window 키’ + ‘.’&lt;/p&gt;
  &lt;/li&gt;
  &lt;li&gt;
    &lt;p&gt;복붙 🔗 &lt;a href=&quot;http://www.iemoji.com/&quot;&gt;http://www.iemoji.com/&lt;/a&gt; 📝✏️✒️💡 🧰 🙋🏻‍♂️&lt;/p&gt;
  &lt;/li&gt;
&lt;/ol&gt;

&lt;blockquote&gt;
  &lt;p&gt;🔍 &lt;strong&gt;결과&lt;/strong&gt;&lt;/p&gt;
&lt;/blockquote&gt;

&lt;p&gt;👍😊😊🤣😁😉💕👍👀😃&lt;/p&gt;

&lt;h3 id=&quot;14-수학수식&quot;&gt;14. 수학수식&lt;/h3&gt;

&lt;p&gt;&lt;a href=&quot;https://khw11044.github.io/blog/blog-etc/2020-12-21-markdown-tutorial2/&quot;&gt;더 자세한 수학수식 사용법&lt;/a&gt;&lt;/p&gt;

&lt;div class=&quot;language-plaintext highlighter-rouge&quot;&gt;&lt;div class=&quot;highlight&quot;&gt;&lt;pre class=&quot;highlight&quot;&gt;&lt;code&gt;$$x + y = 1$$
&lt;/code&gt;&lt;/pre&gt;&lt;/div&gt;&lt;/div&gt;

&lt;blockquote&gt;
  &lt;p&gt;🔍 &lt;strong&gt;결과&lt;/strong&gt;&lt;/p&gt;
&lt;/blockquote&gt;

\[x + y = 1\]

&lt;h3 id=&quot;14highlight&quot;&gt;14.highlight&lt;/h3&gt;

&lt;p&gt;&lt;kbd&gt;hello&lt;/kbd&gt;&lt;/p&gt;

&lt;p&gt;&lt;a&gt;hello&lt;/a&gt;&lt;/p&gt;

&lt;p&gt;&lt;code&gt;hello&lt;/code&gt;&lt;/p&gt;

&lt;p&gt;&lt;mark&gt;hello&lt;/mark&gt;&lt;/p&gt;

&lt;under&gt;hello&lt;/under&gt;

&lt;h3 id=&quot;16-youtube&quot;&gt;16. youtube&lt;/h3&gt;

&lt;style&gt;
    .embed-container { position: relative; padding-bottom: 56.25%; height: 0;
   overflow: hidden; max-width: 100%; }
    .embed-container iframe,
    .embed-container object,
    .embed-container embed { position: absolute; top: 0; left: 0; width: 100%;
   height: 100%; }
   &lt;/style&gt;

&lt;div class=&quot;embed-container&quot;&gt;
    &lt;iframe src=&quot;https://www.youtube.com/embed/BUTP-YsD3nM&quot; frameborder=&quot;0&quot; allowfullscreen=&quot;&quot; onclick=&quot;ga('send', 'event', 'post',
   'click', 'youtubePlayer');&quot;&gt;
    &lt;/iframe&gt;
   &lt;/div&gt;

&lt;h3 id=&quot;17slick&quot;&gt;17.slick&lt;/h3&gt;

&lt;div class=&quot;main_center&quot;&gt;
    &lt;div&gt;&lt;img src=&quot;/assets/img/blog/example1/1.JPG&quot; style=&quot;width: 700px; height: 500px; auto;&quot; /&gt;&lt;/div&gt;
    &lt;div&gt;&lt;img src=&quot;/assets/img/blog/example1/2.JPG&quot; style=&quot;width: 700px; height: 500px; auto;&quot; /&gt;&lt;/div&gt;
    &lt;div&gt;&lt;img src=&quot;/assets/img/blog/example1/3.JPG&quot; style=&quot;width: 700px; height: 500px; auto;&quot; /&gt;&lt;/div&gt;
&lt;/div&gt;

&lt;script&gt;
$(document).ready(function() {
$('.main_center').slick({
autoplay : true, /*자동으로 슬라이딩됨*/
dots : true, /* 하단 점 버튼 */
speed : 300 /* 이미지가 슬라이딩시 걸리는 시간 */,
infinite : true,
autoplaySpeed : 30000 /* 이미지가 다른 이미지로 넘어 갈때의 텀 */,
arrows : true,
slidesToShow : 1,
slidesToScroll : 1,
touchMove : true, /* 마우스 클릭으로 끌어서 슬라이딩 가능여부 */
nextArrows : true, /* 넥스트버튼 */
prevArrows : true,
arrow : true, /*false 면 좌우 버튼 없음, true 면 좌우 버튼 보임*/
fade : false
}
);
});
&lt;/script&gt;

</description>
<pubDate>Sun, 29 Aug 2021 00:00:00 +0900</pubDate>
<link>http://localhost:4000/example1/2021-08-29-markdown/</link>
<guid isPermaLink="true">http://localhost:4000/example1/2021-08-29-markdown/</guid>


<category>example1</category>

</item>

<item>
<title>part2.조회수 보기</title>
<description>
&lt;p&gt;👀3.10 조회수 보이기&lt;/p&gt;

&lt;p&gt;깃허브 블로그의 단점은 아래와 같이 다른 블로그에서는 볼 수 있는 방문자수 또는 조회수를 보이기이다.
이런 조회수 보이기는 자신의 블로그가 얼마나 인기가 있고 영향력이 있는지 뽐내기에 아주 좋은
도구일것이다. 깃허브 블로그의 경우 Jekyll이나 Hugo와 같은 정적 사이트 생성기로 제작되었기
때문에 블로그 방문자와의 상호작용을 기록할 수 없다.
이는 자체적인 백엔드가 없기 때문인데. 그렇다보니 서드파티 서비스를 이용하여 이를 대체하고
는 한다. 대표적으로 댓글기능의 경우는 보통 Disqus나 utterances를 이용해서 구현한다.
방문 기록 분석은 구글 애널리틱스를 이용하면 된다.
하지만 내 글의 조회수를 보여주고 싶다면 어떻게 해야할까?
구글 애널리틱스 하나면 누가, 어디에서, 언제 어떤 검색어로 내 블로그에 방문했는지 모두 알 수있다.&lt;/p&gt;

&lt;div class=&quot;main_center&quot;&gt;
    &lt;div&gt;&lt;img src=&quot;/assets/img/blog/example1/14.JPG&quot; style=&quot;width: 700px; height: 500px; auto;&quot; /&gt;&lt;/div&gt;
&lt;/div&gt;

&lt;p&gt;하지만 이는 블로그 주인 자신만 볼 수 있다는 문제가 있다.
내 게시글을 사람들이 이만큼 봤다는 것을 보여주고 싶고 내 블로그가 얼마나 인기 있는지 보여
주고 싶다면 어떻게 해야 할까?
성취감을 느낄 수 있고 자랑할 수 있으며 신뢰감을 주려는 목적으로 글의 조회수를 보여주고 싶
다면 어떻게 해야 할까?&lt;/p&gt;

&lt;p&gt;Hits로 그 목적을 달성해보자.&lt;/p&gt;

&lt;p&gt;👀3.10.1 Hits&lt;/p&gt;

&lt;p&gt;Hits는 본래 깃헙 레파지토리 방문자 수를 세기 위해 만들어졌다.&lt;/p&gt;

&lt;p&gt;🔍 https://hits.seeyoufarm.com/&lt;/p&gt;

&lt;p&gt;위 링크에 들어가서 아래와 같이 커스텀해준다.&lt;/p&gt;

&lt;div class=&quot;main_center&quot;&gt;
    &lt;div&gt;&lt;img src=&quot;/assets/img/blog/example1/10.JPG&quot; style=&quot;width: 700px; height: 500px; auto;&quot; /&gt;&lt;/div&gt;
&lt;/div&gt;
&lt;p&gt;그리고 아래로 조금만 내리면 아래와 같은 화면을 볼 수 있다.&lt;/p&gt;
&lt;div class=&quot;main_center&quot;&gt;
    &lt;div&gt;&lt;img src=&quot;/assets/img/blog/example1/11.JPG&quot; style=&quot;width: 700px; height: 500px; auto;&quot; /&gt;&lt;/div&gt;
&lt;/div&gt;
&lt;p&gt;이중 HTML LINK를 복사한다.
각 게시물에 Hits를 보여주는 것도 좋지만 그전에 먼저 전체적인 내 페이지 조회수를 알고 싶다.
그래서 페이지에서 무조건 한번은 불러오는 사이드바에 Hits를 달아본다.&lt;/p&gt;
&lt;div class=&quot;main_center&quot;&gt;
    &lt;div&gt;&lt;img src=&quot;/assets/img/blog/example1/12.JPG&quot; style=&quot;width: 700px; height: 500px; auto;&quot; /&gt;&lt;/div&gt;
&lt;/div&gt;

&lt;p&gt;👀구글 애널리틱스로 조회수보기&lt;/p&gt;

&lt;p&gt;Hints의 문제는 어찌보면 새로고침의 개수이지 조회수라고 하기 그렇다.
새로고침만하면 숫자가 증가한다. 따라서 구글 애널리틱스를 통해 실질적인 조회수 조회와 각종
통계 지표를 제공받아본다.
아래 주소로 이동&lt;/p&gt;

&lt;p&gt;🔍 https://analytics.google.com/&lt;/p&gt;
</description>
<pubDate>Fri, 30 Jul 2021 00:00:00 +0900</pubDate>
<link>http://localhost:4000/-example1/2021-07-30-example1-part3/</link>
<guid isPermaLink="true">http://localhost:4000/-example1/2021-07-30-example1-part3/</guid>


<category>-example1</category>

</item>

<item>
<title>part3.게시물에 댓글 기능</title>
<description>&lt;p&gt;3.7 댓글기능 추가하기&lt;/p&gt;

&lt;p&gt;🔍Utterance 적용하기&lt;/p&gt;

&lt;p&gt;블로그에 댓글기능이 없어도 블로그를 운영하는 데는 상관이 없지만 댓글 기능이 있음으로 본인이 올린 게시물에 대해 잘못된 점을 지적 받을 수 있고 질문을 받고 토론할 수 있을 것이다. 이처럼 댓글은 블로그의 게시물 퀄리티가 한층 높아지고 커뮤니티의 기
능 등, 블로그의 순 기능들을 잘 수행하게 될 것이다. 처음에 블로그를 시작하게 된 이유를 생각해보자.&lt;/p&gt;

&lt;p&gt;따라서 댓글기능은 한편으로 중요하다고 볼 수 있다.
댓글기능 구현은 여러 방법이 있는데 그 중에서 방문자가 가장 쉽게 댓글을 쓸 수 있는 방법을 사용하려고 한다.&lt;/p&gt;

&lt;p&gt;댓글을 쓸려고 해도 가입을 해야 하거나 로그인하기가 불편하다면 쓸려다가도 안 쓰게 된다.
utterances는 간단히 깃헙 계정이있고 본인 컴퓨터에 깃헙을 로그인 저장되어있다면 버튼 하나로 손쉽게 댓글을 쓸 수 있다.&lt;/p&gt;

&lt;p&gt;👀3.7.1. utterances란&lt;/p&gt;

&lt;p&gt;👍”#$ https://utteranc.es/&lt;/p&gt;

&lt;p&gt;utterances는 깃허브의 이슈기능을 가지고 댓글을 생성해준다. 게시글 하나가 이슈 하나와 매핑이
되고, 게시글에 댓글을 달면 해당 이슈에 댓글이 달린다. 댓글 창은 iframe으로 동작하며 해당 페
이지가 로드 될 때, 페이지의 URL, pathname, 혹은 title을 가지고 issue search API를 통해 해당 이
슈에 달린 댓글을 로딩하여 댓글 창에 로딩시켜준다.
만약에 내가 최초로 댓글을 달아서 이슈가 없다면? utterances-bot이 자동적으로 이슈를 생성해준
다고 한다.&lt;/p&gt;

&lt;ol&gt;
  &lt;li&gt;
    &lt;p&gt;개발자 블로그이니 만큼 따로 번거러운 작업 없이 깃허브 계정만으로도 바로 댓글을 쓸 수 있으면 한다.&lt;/p&gt;
  &lt;/li&gt;
  &lt;li&gt;
    &lt;p&gt;익숙한 깃허브의 UI 를 보고싶다.&lt;/p&gt;
  &lt;/li&gt;
  &lt;li&gt;
    &lt;p&gt;다음에 또 이런 마이그레이션 작업이 필요할 수 있으니, 게시글과 댓글을 매핑하는 설정을 쉽게 변경할 수 있으면 좋겠다.&lt;/p&gt;
  &lt;/li&gt;
  &lt;li&gt;
    &lt;p&gt;Disqus 는 댓글 쓰는 것이 불편하다.&lt;/p&gt;
  &lt;/li&gt;
&lt;/ol&gt;

&lt;p&gt;🔍Utterances 장점모음&lt;/p&gt;

&lt;p&gt;▶깃허브는 다수 개발자가 가입은 해둔 플랫폼입니다.
-깃허브 앱인 utterances 는 깃허브 계정만 있으면 되기 때문에 블로그 운영자와 사용자는 대부분
별도 가입을 하지 않아도 됩니다.&lt;/p&gt;

&lt;p&gt;▶특별한 관리 부담이 필요치 않습니다.
-운영자 입장에서도 자주 사용하는 플랫폼인 깃허브는 친숙한 환경이기에 설치나 관리에 대한 부담이 없습니다.&lt;/p&gt;

&lt;p&gt;▶댓글 알림을 받을 수 있습니다.
-github issues 를 댓글 쓰레드로 사용하는 utterances 는 댓글이 등록되면, 즉 새로운 issue 가
등록된 것이므로 메일 알림을 받을 수 있습니다.
-이 때문에 소중한 독자와 소통하는 타이밍을 놓치지 않게 됩니다.&lt;/p&gt;

&lt;p&gt;▶설치 및 설정이 쉽습니다.
• utterances 앱을 깃허브 계정에 추가한 뒤 댓글 저장 용도로 사용될 신규 레포지토리
추가하여 권한을 주면 됩니다.
-이후 댓글 영역에 스크립트 코드 한 줄만 추가해주면 셋팅이 끝납니다.&lt;/p&gt;

&lt;p&gt;▶Markdown	 문법을 이용하여 댓글 작성이 가능합니다.
-github 플랫폼을 이용하기 때문에 당연히 마크다운 문법 사용이 가능합니다.
그렇다면 이제 utterance 를 적용해보자.&lt;/p&gt;

&lt;p&gt;👀3.7.2. 시작하기전에&lt;/p&gt;

&lt;p&gt;먼저 댓글있을 저장소(레파지토리)를 지정해야합니다.
따라서 새로운 레파지토리를 만들어줍니다.
저는 이름을 blog-comments-repo로 지어주었습니다.&lt;/p&gt;

&lt;p&gt;👀3.7.3. 설치하기&lt;/p&gt;

&lt;p&gt;utterance app 설치&lt;/p&gt;

&lt;p&gt;👍”#$ https://utteranc.es/
에서 utterance앱을 설치한다.
설치 버튼을 클릭해 설치를 실행한다.
처음에는 All repositories로 선택되어있는데 Only select repositories를 선택하고 블로그 댓글저장소
(blog-comments-repo)를 골라주고 이후 Install 버튼을 누른다.
이후 비밀번호로 한번 확인 받는다. 이후 아래와 같은 페이지가 나온다.&lt;/p&gt;
&lt;div class=&quot;main_center&quot;&gt;
    &lt;div&gt;&lt;img src=&quot;/assets/img/blog/example1/13.JPG&quot; style=&quot;width: 700px; height: 500px; auto;&quot; /&gt;&lt;/div&gt;
&lt;/div&gt;

&lt;p&gt;👀3.7.4. configuration&lt;/p&gt;

&lt;p&gt;Blog post &amp;lt;–&amp;gt; Issue 매핑 방식을 선택
위에서 언급했듯이 utterances는 게시글 하나와 레파지토리의 이슈 하나가 서로 연동되는 시스템
이다.
(post &amp;lt;– –&amp;gt; issue 매핑)
이런 연동 방법으로 다섯 가지가 있다.&lt;/p&gt;

&lt;p&gt;l pathname&lt;/p&gt;

&lt;p&gt;포스트의 pathname으로 이슈를 생성한다.
이 포스팅 같은 경우는 /blog/2020/12/18/utterances- 적용으로 이슈가 생성되어 매핑된다.&lt;/p&gt;

&lt;p&gt;l page URL&lt;/p&gt;

&lt;p&gt;게시글의 URL 전체로 이슈를 매핑한다.&lt;/p&gt;

&lt;p&gt;l page title&lt;/p&gt;

&lt;p&gt;게시글의 제목으로 이슈를 매핑한다.&lt;/p&gt;

&lt;p&gt;l issue number&lt;/p&gt;

&lt;p&gt;이슈 번호를 가지고 매핑한다.&lt;/p&gt;

&lt;p&gt;l issue title contains specific term&lt;/p&gt;

&lt;p&gt;게시글 제목에 특정 단어가 들어가 있는지 체크하여 매핑한다.&lt;/p&gt;
</description>
<pubDate>Fri, 23 Jul 2021 00:00:00 +0900</pubDate>
<link>http://localhost:4000/-example1/2021-07-23-example1-part2/</link>
<guid isPermaLink="true">http://localhost:4000/-example1/2021-07-23-example1-part2/</guid>


<category>-example1</category>

</item>

<item>
<title>part2. 이미지 편집 어플 만들기</title>
<description>
&lt;p&gt;👀간단하게 Streamlit을 이용하여 이미지 편집 어플리케이션을 만들어 볼게요!&lt;/p&gt;

&lt;blockquote&gt;
  &lt;p&gt;🔍 &lt;strong&gt;과정&lt;/strong&gt;&lt;/p&gt;
&lt;/blockquote&gt;

&lt;div class=&quot;main_center&quot;&gt;
    &lt;div&gt;&lt;img src=&quot;/assets/img/blog/example1/45.JPG&quot; style=&quot;width: 1000px; height: 600px; auto;&quot; /&gt;&lt;/div&gt;
&lt;/div&gt;
&lt;div class=&quot;main_center&quot;&gt;'
    &lt;div&gt;&lt;img src=&quot;/assets/img/blog/example1/46.JPG&quot; style=&quot;width: 1000px; height: 600px; auto;&quot; /&gt;&lt;/div&gt;
&lt;/div&gt;
&lt;div class=&quot;main_center&quot;&gt;
    &lt;div&gt;&lt;img src=&quot;/assets/img/blog/example1/47.JPG&quot; style=&quot;width: 1000px; height: 600px; auto;&quot; /&gt;&lt;/div&gt;
&lt;/div&gt;
&lt;div class=&quot;main_center&quot;&gt;
    &lt;div&gt;&lt;img src=&quot;/assets/img/blog/example1/48.JPG&quot; style=&quot;width: 1000px; height: 600px; auto;&quot; /&gt;&lt;/div&gt;
&lt;/div&gt;
&lt;div class=&quot;main_center&quot;&gt;
    &lt;div&gt;&lt;img src=&quot;/assets/img/blog/example1/49.JPG&quot; style=&quot;width: 1000px; height: 600px; auto;&quot; /&gt;&lt;/div&gt;
&lt;/div&gt;
&lt;div class=&quot;main_center&quot;&gt;
    &lt;div&gt;&lt;img src=&quot;/assets/img/blog/example1/50.JPG&quot; style=&quot;width: 1000px; height: 600px; auto;&quot; /&gt;&lt;/div&gt;
&lt;/div&gt;
&lt;div class=&quot;main_center&quot;&gt;
    &lt;div&gt;&lt;img src=&quot;/assets/img/blog/example1/51.JPG&quot; style=&quot;width: 1000px; height: 600px; auto;&quot; /&gt;&lt;/div&gt;
&lt;/div&gt;
&lt;blockquote&gt;

  &lt;p&gt;🔍 &lt;strong&gt;결과&lt;/strong&gt;&lt;/p&gt;
&lt;/blockquote&gt;
&lt;div class=&quot;main_center&quot;&gt;
    &lt;div&gt;&lt;img src=&quot;/assets/img/blog/example1/52.JPG&quot; style=&quot;width: 1000px; height: 600px; auto;&quot; /&gt;&lt;/div&gt;
&lt;/div&gt;
</description>
<pubDate>Sat, 13 Feb 2021 00:00:00 +0900</pubDate>
<link>http://localhost:4000/-example2/2021-02-13-example2-part2/</link>
<guid isPermaLink="true">http://localhost:4000/-example2/2021-02-13-example2-part2/</guid>


<category>-example2</category>

</item>

<item>
<title>part2.검색엔진 최적화하기</title>
<description>
&lt;p&gt;👀4.1 검색엔진최적화
검색엔진최적화는 검색엔진이 이해하기 쉽도록 홈페이지 구조를 설정하여 포털 사이트 상위에 노
출시키는 작업이다. jekyll으로 제작된 깃허브 블로그에 SEO 작업을 진행한다.&lt;/p&gt;

&lt;p&gt;👀4.1.1 Sitemap&lt;/p&gt;

&lt;ul&gt;
  &lt;li&gt;웹 크롤링 로봇이 이용할 수 있는 웹사이트의 접근 가능한 페이지의 목록&lt;/li&gt;
  &lt;li&gt;사이트맵을 등록하면 구글에서 주기적으로 크롤링을 한 뒤 관련 검색어로 검색 시 해당 사이
트가 노출이 된다.&lt;/li&gt;
  &lt;li&gt;sitemap.xml 파일을 사용하면 사이트 구조를 구글, 네이버, 다음 등 검색엔진에 손 쉽게 제출
할 수 있다.&lt;/li&gt;
  &lt;li&gt;
    &lt;p&gt;검색엔진에 크롤링해야하는 URL을 알려줌으로써 색인을 생성하는 방법을 제안한다.
그럼 이제 Sitemap.xml을 생성해본다.
아래 내용으로 sitemap.xml 파일을 만들고 root 경로에 넣어준다.&lt;/p&gt;
  &lt;/li&gt;
  &lt;li&gt;해당 파일을 커밋, 푸쉬 한다.&lt;/li&gt;
  &lt;li&gt;블로그 주소/sitemap.xml 에 들어가서 제대로 사이트맵이 등록되었는지 확인해 본다.&lt;/li&gt;
  &lt;li&gt;홈페이지의 모든글의 정보를 담고있는 사이트맵이 출력되는 것을 알 수 있다. 추후에 블로그
포스팅을 푸쉬 하면 jekyll이 빌드하면서 사이트맵도 자동으로 갱신된다.&lt;/li&gt;
  &lt;li&gt;Gemfile파일에 gem ‘jekyll-sitemap’이 있는것을 확인해보고 있다면 자동으로 갱신된다.
(참고로 /sitemap.xml을 실행했을 때 제대로 안 나오는 경우가 있는데, 주소 링크에 특수문자가
들어간 경우이다. 깃허브 블로그의 경우 포스팅 파일명으로 링크가 생성되므로 포스팅 파일명은
특수문자 및 한글 사용을 안 하도록 한다.)&lt;/li&gt;
&lt;/ul&gt;

&lt;p&gt;👀4.1.2 RSS&lt;/p&gt;

&lt;ul&gt;
  &lt;li&gt;RSS(Rich Site Summary)란 뉴스나 블로그 사이트에서 주로 사용하는 콘텐츠 표현 방식이며, 
웹 사이트 관리자는 RSS 형식으로 웹 사이트 내용을 보여 준다.&lt;/li&gt;
  &lt;li&gt;RSS피드는 정기적으로 업데이트 되는 웹 콘텐츠를 전달해 주는 형태이며, 글의 전체 혹은 요
약된 정보와 작성자 등의 정보가 포함되어 있다. 즉 블로그의 글을 작성하면 RSS피드에도 전
달이 되고, 구글, 네이버, 다음 등을 통해 글을 검색하면, 검색 엔진은 블로그의 RSS피드로부
터 글을 받게 되어 해당 블로그로 들어오게 된다.
그럼 이제 RSS feed.xml을 생성한다&lt;/li&gt;
&lt;/ul&gt;

&lt;p&gt;👀4.1.3 robots&lt;/p&gt;

&lt;p&gt;robots.txt 또는 robots.xml은 로봇 배제 표준을 따르는 일반 텍스트 파일이다. 쉽게 표현하면 검색
엔진이 해당 사이트의 콘텐츠를 가져가는것을 허락하는 설정과 가져가면 안되는 설정을 하는 부
분이라고 보면 된다. 위와 동일하게 root 경로에 위치한다.
robots.xml을 생성한다.&lt;/p&gt;

&lt;p&gt;User-agent는 허용할 검색엔진 명을 넣게 된다. 따로 설정하지 않으면(*) 모든 검색엔진을 허용하
게 된다. Sitemap은 본인 블로그 사이트맵 주소를 넣어 주면 된다.&lt;/p&gt;

&lt;div class=&quot;main_center&quot;&gt;
    &lt;div&gt;&lt;img src=&quot;/assets/img/blog/example1/24.JPG&quot; style=&quot;width: 700px; height: 500px; auto;&quot; /&gt;&lt;/div&gt;
&lt;/div&gt;

&lt;p&gt;👀4.1.4 블로그 등록&lt;/p&gt;

&lt;p&gt;본인 블로그를 등록 해야 구글 및 네이버에서 검색이 가능하다.&lt;/p&gt;

&lt;p&gt;1) Google Search Console&lt;/p&gt;

&lt;p&gt;Google Search Console에 접속한다. SEARCH CONSOLE 버튼을 클릭한다.&lt;/p&gt;

&lt;div class=&quot;main_center&quot;&gt;
    &lt;div&gt;&lt;img src=&quot;/assets/img/blog/example1/15.JPG&quot; style=&quot;width: 700px; height: 500px; auto;&quot; /&gt;&lt;/div&gt;
&lt;/div&gt;

&lt;p&gt;시작하기 버튼을 누른다.&lt;/p&gt;

&lt;div class=&quot;main_center&quot;&gt;
    &lt;div&gt;&lt;img src=&quot;/assets/img/blog/example1/16.JPG&quot; style=&quot;width: 700px; height: 500px; auto;&quot; /&gt;&lt;/div&gt;
&lt;/div&gt;

&lt;p&gt;URL 접두어에 자신의 깃헙블로그 주소를 넣는다.&lt;/p&gt;

&lt;div class=&quot;main_center&quot;&gt;
    &lt;div&gt;&lt;img src=&quot;/assets/img/blog/example1/17.JPG&quot; style=&quot;width: 700px; height: 500px; auto;&quot; /&gt;&lt;/div&gt;
&lt;/div&gt;

&lt;p&gt;소유권 확인과정을 거친다.
html 파일을 다운받아 깃허브블로그 코드 폴더 root에 넣는다.&lt;/p&gt;

&lt;div class=&quot;main_center&quot;&gt;
    &lt;div&gt;&lt;img src=&quot;/assets/img/blog/example1/18.JPG&quot; style=&quot;width: 700px; height: 500px; auto;&quot; /&gt;&lt;/div&gt;
&lt;/div&gt;

&lt;p&gt;git repository에 push한다. 이후 바로 소유권이 확인되지 않는다. 대략 5분~10분이상 기다려야한
다.
하지만 그래도 안된다면 HTML 태그방법으로 메타 코드를 복사한다. 메타 태그를 이용한 사이트
소유권을 확인한 뒤 사이트맵을 등록해주면 된다.
_includes/head.html에 추가해준다.
기다리면 다음과 같이 소유권이 확인된다.&lt;/p&gt;

&lt;div class=&quot;main_center&quot;&gt;
    &lt;div&gt;&lt;img src=&quot;/assets/img/blog/example1/19.JPG&quot; style=&quot;width: 700px; height: 500px; auto;&quot; /&gt;&lt;/div&gt;
&lt;/div&gt;
&lt;div class=&quot;main_center&quot;&gt;
    &lt;div&gt;&lt;img src=&quot;/assets/img/blog/example1/20.JPG&quot; style=&quot;width: 700px; height: 500px; auto;&quot; /&gt;&lt;/div&gt;
&lt;/div&gt;
&lt;div class=&quot;main_center&quot;&gt;
    &lt;div&gt;&lt;img src=&quot;/assets/img/blog/example1/21.JPG&quot; style=&quot;width: 700px; height: 500px; auto;&quot; /&gt;&lt;/div&gt;
&lt;/div&gt;

&lt;p&gt;sitemap.xml을 입력하고 제출 버튼을 누른다.&lt;/p&gt;

&lt;div class=&quot;main_center&quot;&gt;
    &lt;div&gt;&lt;img src=&quot;/assets/img/blog/example1/22.JPG&quot; style=&quot;width: 700px; height: 500px; auto;&quot; /&gt;&lt;/div&gt;
&lt;/div&gt;

&lt;p&gt;2) Naver Webmaster&lt;/p&gt;

&lt;p&gt;네이버 웹마스터 도구에 접속한다.
https://searchadvisor.naver.com/
로그인하고 블로그 주소를 등록해 사이트를 추가해 준다.&lt;/p&gt;

&lt;div class=&quot;main_center&quot;&gt;
    &lt;div&gt;&lt;img src=&quot;/assets/img/blog/example1/23.JPG&quot; style=&quot;width: 700px; height: 500px; auto;&quot; /&gt;&lt;/div&gt;
&lt;/div&gt;

&lt;p&gt;웹마스터 도구에서 제공하는 html 파일을 다운받아 본인 블로그에 업로드하거나 메타태그를 이용
하는 방법으로 사이트 소유권을 확인한다.
왼쪽 요청 메뉴로 들어가 사이트맵을 제출해준다.
깃허브에서 공식적으로 지원하는 jekyll블로그는 RSS2.0이 아닌, ATOM이라는 방식으로 feed.xml을
생산해준다. 그리고 ATOM방식으로 제작된 피드는 네이버 웹마스터도구에 등록이 안된다.
솔직히 네이버는 들어가보면 알겠지만 설명이 워낙 잘 되어있어서 영상을 보면서 따라하면 되겠
다&lt;/p&gt;
</description>
<pubDate>Mon, 03 Aug 2020 00:00:00 +0900</pubDate>
<link>http://localhost:4000/-example2/2020-08-03-example3/</link>
<guid isPermaLink="true">http://localhost:4000/-example2/2020-08-03-example3/</guid>


<category>-example2</category>

</item>

<item>
<title>part1. 자연어처리</title>
<description>&lt;blockquote&gt;
  &lt;p&gt;🔍 &lt;strong&gt;과정&lt;/strong&gt;&lt;/p&gt;
&lt;/blockquote&gt;

&lt;div class=&quot;main_center&quot;&gt;
    &lt;div&gt;&lt;img src=&quot;/assets/img/blog/example1/25.JPG&quot; style=&quot;width: 1000px; height: 700px; auto;&quot; /&gt;&lt;/div&gt;
&lt;/div&gt;
&lt;div class=&quot;main_center&quot;&gt;
    &lt;div&gt;&lt;img src=&quot;/assets/img/blog/example1/26.JPG&quot; style=&quot;width: 1000px; height: 700px; auto;&quot; /&gt;&lt;/div&gt;
&lt;/div&gt;
&lt;div class=&quot;main_center&quot;&gt;
    &lt;div&gt;&lt;img src=&quot;/assets/img/blog/example1/27.JPG&quot; style=&quot;width: 1000px; height: 700px; auto;&quot; /&gt;&lt;/div&gt;
&lt;/div&gt;
&lt;div class=&quot;main_center&quot;&gt;
    &lt;div&gt;&lt;img src=&quot;/assets/img/blog/example1/28.JPG&quot; style=&quot;width: 1000px; height: 700px; auto;&quot; /&gt;&lt;/div&gt;
&lt;/div&gt;
&lt;div class=&quot;main_center&quot;&gt;
    &lt;div&gt;&lt;img src=&quot;/assets/img/blog/example1/29.JPG&quot; style=&quot;width: 1000px; height: 700px; auto;&quot; /&gt;&lt;/div&gt;
&lt;/div&gt;
&lt;div class=&quot;main_center&quot;&gt;
    &lt;div&gt;&lt;img src=&quot;/assets/img/blog/example1/30.JPG&quot; style=&quot;width: 1000px; height: 700px; auto;&quot; /&gt;&lt;/div&gt;
&lt;/div&gt;
&lt;div class=&quot;main_center&quot;&gt;
    &lt;div&gt;&lt;img src=&quot;/assets/img/blog/example1/31.JPG&quot; style=&quot;width: 1000px; height: 700px; auto;&quot; /&gt;&lt;/div&gt;
&lt;/div&gt;
&lt;div class=&quot;main_center&quot;&gt;
    &lt;div&gt;&lt;img src=&quot;/assets/img/blog/example1/32.JPG&quot; style=&quot;width: 1000px; height: 700px; auto;&quot; /&gt;&lt;/div&gt;
&lt;/div&gt;
&lt;div class=&quot;main_center&quot;&gt;
    &lt;div&gt;&lt;img src=&quot;/assets/img/blog/example1/33.JPG&quot; style=&quot;width: 1000px; height: 700px; auto;&quot; /&gt;&lt;/div&gt;
&lt;/div&gt;
&lt;div class=&quot;main_center&quot;&gt;
    &lt;div&gt;&lt;img src=&quot;/assets/img/blog/example1/34.JPG&quot; style=&quot;width: 1000px; height: 700px; auto;&quot; /&gt;&lt;/div&gt;
&lt;/div&gt;
&lt;div class=&quot;main_center&quot;&gt;
    &lt;div&gt;&lt;img src=&quot;/assets/img/blog/example1/35.JPG&quot; style=&quot;width: 1000px; height: 700px; auto;&quot; /&gt;&lt;/div&gt;
&lt;/div&gt;
&lt;div class=&quot;main_center&quot;&gt;
    &lt;div&gt;&lt;img src=&quot;/assets/img/blog/example1/36.JPG&quot; style=&quot;width: 1000px; height: 700px; auto;&quot; /&gt;&lt;/div&gt;
&lt;/div&gt;
&lt;div class=&quot;main_center&quot;&gt;
    &lt;div&gt;&lt;img src=&quot;/assets/img/blog/example1/37.JPG&quot; style=&quot;width: 1000px; height: 700px; auto;&quot; /&gt;&lt;/div&gt;
&lt;/div&gt;
&lt;div class=&quot;main_center&quot;&gt;
    &lt;div&gt;&lt;img src=&quot;/assets/img/blog/example1/38.JPG&quot; style=&quot;width: 1000px; height: 700px; auto;&quot; /&gt;&lt;/div&gt;
&lt;/div&gt;
&lt;div class=&quot;main_center&quot;&gt;
    &lt;div&gt;&lt;img src=&quot;/assets/img/blog/example1/39.JPG&quot; style=&quot;width: 1000px; height: 700px; auto;&quot; /&gt;&lt;/div&gt;
&lt;/div&gt;
&lt;div class=&quot;main_center&quot;&gt;
    &lt;div&gt;&lt;img src=&quot;/assets/img/blog/example1/40.JPG&quot; style=&quot;width: 1000px; height: 700px; auto;&quot; /&gt;&lt;/div&gt;
&lt;/div&gt;
&lt;p&gt;&amp;lt;/div&amp;gt;&lt;/p&gt;
&lt;div class=&quot;main_center&quot;&gt;
    &lt;div&gt;&lt;img src=&quot;/assets/img/blog/example1/41.JPG&quot; style=&quot;width: 1000px; height: 700px; auto;&quot; /&gt;&lt;/div&gt;
&lt;div class=&quot;main_center&quot;&gt;
    &lt;div&gt;&lt;img src=&quot;/assets/img/blog/example1/42.JPG&quot; style=&quot;width: 1000px; height: 700px; auto;&quot; /&gt;&lt;/div&gt;
&lt;/div&gt;
&lt;div class=&quot;main_center&quot;&gt;
    &lt;div&gt;&lt;img src=&quot;/assets/img/blog/example1/43.JPG&quot; style=&quot;width: 1000px; height: 700px; auto;&quot; /&gt;&lt;/div&gt;
&lt;/div&gt;
&lt;div class=&quot;main_center&quot;&gt;
    &lt;div&gt;&lt;img src=&quot;/assets/img/blog/example1/44.JPG&quot; style=&quot;width: 1000px; height: 700px; auto;&quot; /&gt;&lt;/div&gt;
&lt;/div&gt;
&lt;/div&gt;
</description>
<pubDate>Fri, 03 Jul 2020 00:00:00 +0900</pubDate>
<link>http://localhost:4000/-example2/2020-07-03-example2-part1/</link>
<guid isPermaLink="true">http://localhost:4000/-example2/2020-07-03-example2-part1/</guid>


<category>-example2</category>

</item>

</channel>
</rss>
